{"left_top": [0.3008159317414172, -0.5277751961824158, 0.01873350362165138], "left_bottom": [0.3300843435287096, -0.20311529111128346, 0.015263889081377324], "right_top": [-0.3214329285899049, -0.3199942594269871, 0.01328578442296402], "right_bottom": [-0.26437231243322085, -0.5604426531249103, 0.016755185283502616]}